title,company,location,link
Principal Front-End Engineer - Team Lead (Vue.js),Corsearch,"Amsterdam, Netherlands",https://stackoverflow.com/jobs/412440/principal-front-end-engineer-team-lead-vuejs-corsearch
Laravel and Vue.js Developer,MailerLite,No office location,https://stackoverflow.com/jobs/447895/laravel-and-vuejs-developer-mailerlite
Senior Full-Stack Engineer (Vue/Node),Wisely,No office location,https://stackoverflow.com/jobs/405895/senior-full-stack-engineer-vue-node-wisely
Full Stack Software Engineer (Vue.js & Django) (m/f/d),Limehome GmbH,"München, Germany",https://stackoverflow.com/jobs/238532/full-stack-software-engineer-vuejs-django-m-limehome-gmbh
Senior software engineer Vue.js,Harlem Next,"Haarlem, Netherlands",https://stackoverflow.com/jobs/427253/senior-software-engineer-vuejs-harlem-next
Webdeveloper for Backend (NodeJS) and Frontend (Vue) (m/f),RINGANA GmbH,"Wien, Österreich",https://stackoverflow.com/jobs/421723/webdeveloper-for-backend-nodejs-and-frontend-ringana-gmbh
Javascript Developer (Vue.js / Node.js),Lucky Orange LLC,"Overland Park, KS",https://stackoverflow.com/jobs/374387/javascript-developer-vuejs-nodejs-lucky-orange-llc
Senior Frontend Engineer (Vue.js),Financial Technology Partners,"San Francisco, CA",https://stackoverflow.com/jobs/446919/senior-frontend-engineer-vuejs-financial-technology-partners
"Full Stack Engineer - Junior to Senior - Vue.js, Go",Ezoic,"Carlsbad, CA",https://stackoverflow.com/jobs/427867/full-stack-engineer-junior-to-senior-vuejs-ezoic
Lead Vue.js / PHP developer,HUBX,No office location,https://stackoverflow.com/jobs/397027/lead-vuejs-php-developer-hubx
"Senior Software Engineer - Go, Vue.js, Machine Learning",Ezoic,"Carlsbad, CA",https://stackoverflow.com/jobs/427866/senior-software-engineer-go-vuejs-machine-ezoic
Frontend Javascript SPA Developer Vue.js (m/f/d),ThinxNet GmbH,"München, Deutschland",https://stackoverflow.com/jobs/415209/frontend-javascript-spa-developer-vuejs-m-f-d-thinxnet-gmbh
Full stack ASP.NET Core and VueJS Developer,Facility Wizard Software Incorporated d/b/a Wizard Software Solutions,"Chicago, IL",https://stackoverflow.com/jobs/456315/full-stack-aspnet-core-and-vuejs-developer-facility-wizard-software
Fullstack Developer Laravel / Vue,AirLST GmbH,"München, Deutschland",https://stackoverflow.com/jobs/261736/fullstack-developer-laravel-vue-airlst-gmbh
Senior VueJS FE Developer,Cycloid,No office location,https://stackoverflow.com/jobs/457236/senior-vuejs-fe-developer-cycloid
Frontend Developer (Vue.js) (m/w/d),Peek & Cloppenburg KG Düsseldorf,"Düsseldorf, Deutschland",https://stackoverflow.com/jobs/447396/frontend-developer-vuejs-m-w-d-peek-cloppenburg-kg
Mid Senior VueJS Frontend dev (remote friendly),Cycloid,"Paris, France",https://stackoverflow.com/jobs/457234/mid-senior-vuejs-frontend-dev-remote-friendly-cycloid
Senior Vue.js Frontend Developer (m/f/x),refurbed,No office location,https://stackoverflow.com/jobs/424273/senior-vuejs-frontend-developer-m-f-x-refurbed
"Magento Developer (GraphQL, VueJS, Laravel) Office or Remote",Limesharp,"Auckland, New Zealand",https://stackoverflow.com/jobs/462636/magento-developer-graphql-vuejs-laravel-limesharp
Senior full stack developer (Azure/.NET core/VueJs/Typescript),33reasons,No office location,https://stackoverflow.com/jobs/453423/senior-full-stack-developer-azure-net-core-33reasons
(Senior) Webentwickler (m/w/d) TYPO3 & Vue.JS,auteon GmbH,"München, Deutschland",https://stackoverflow.com/jobs/460969/senior-webentwickler-m-w-d-typo3-vuejs-auteon-gmbh
"(Senior) Webentwickler (m/w/d) JavaScript, Vue.js mit Schwerpunkt eCommerce",auteon GmbH,"München, Deutschland",https://stackoverflow.com/jobs/460977/senior-webentwickler-m-w-d-javascript-vuejs-auteon-gmbh
"(Senior) Webentwickler (m/w/d) JavaScript, React und/oder Vue.js",auteon GmbH,"München, Deutschland",https://stackoverflow.com/jobs/460981/senior-webentwickler-m-w-d-javascript-react-auteon-gmbh
Full Stack Software Engineer,Captivation Software,"Fort Meade, MD",https://stackoverflow.com/jobs/449508/full-stack-software-engineer-captivation-software
Senior Full-Stack PHP Developer,GeoPhy,"The Hague, Netherlands",https://stackoverflow.com/jobs/468734/senior-full-stack-php-developer-geophy
Senior Software Engineer,Enovational,"Washington, DC",https://stackoverflow.com/jobs/420640/senior-software-engineer-enovational
Frontend Software Engineer,MindDoc Health GmbH,"München, Germany",https://stackoverflow.com/jobs/430334/frontend-software-engineer-minddoc-health-gmbh
Senior Front-End Developer (m/f/d) - for legal tech startup in Berlin,DataGuard,"Berlin, Deutschland",https://stackoverflow.com/jobs/463805/senior-front-end-developer-m-f-d-for-legal-dataguard
Senior Front-End Developer (m/f/d) - for legal tech startup in Munich,DataGuard,"München, Deutschland",https://stackoverflow.com/jobs/281206/senior-front-end-developer-m-f-d-for-legal-dataguard
Senior Full-Stack PHP Developer,GeoPhy,"New York, NY",https://stackoverflow.com/jobs/468733/senior-full-stack-php-developer-geophy
Lead Software Engineer - Game Optimization Platform,Voodoo.io,"Paris, France",https://stackoverflow.com/jobs/410368/lead-software-engineer-game-optimization-voodooio
Full Stack Javascript Developer (m/w/d),FM Radio Network GmbH,"Augsburg, Deutschland",https://stackoverflow.com/jobs/474719/full-stack-javascript-developer-m-w-d-fm-radio-network-gmbh
Full-Stack Web Developer Java,WPS Management GmbH,"Paderborn, Deutschland",https://stackoverflow.com/jobs/125395/full-stack-web-developer-java-wps-management-gmbh
Full-stack developer for Soho digital agency,Tui Media,"London, UK",https://stackoverflow.com/jobs/468490/full-stack-developer-for-soho-digital-agency-tui-media
Demodesk - Full-Stack Engineer Video Conferencing & Screen Sharing,Demodesk,"Munich, Germany",https://stackoverflow.com/jobs/413458/demodesk-full-stack-engineer-video-conferencing-demodesk
Frontend Developer to build the leading Platform for ML,Hugging Face,"Paris, France",https://stackoverflow.com/jobs/448344/frontend-developer-to-build-the-leading-platform-hugging-face
Full Stack Web Developer,"Art & Logic, Inc.",No office location,https://stackoverflow.com/jobs/370918/full-stack-web-developer-art-logic-inc
Full-Stack .NET Developer,CyrusOne Management Services LLC.,No office location,https://stackoverflow.com/jobs/472558/full-stack-net-developer-cyrusone-management-services
Lead Software Engineer - Publishing Platform,Voodoo.io,"Paris, France",https://stackoverflow.com/jobs/410369/lead-software-engineer-publishing-platform-voodooio
Senior Front End Developer,Ezra,"Toronto, ON, Canada",https://stackoverflow.com/jobs/442192/senior-front-end-developer-ezra
"Frontend Software Engineer. Evangelist. Enthusiast (Java Script, HTML5) (m/f/x)",financial.com AG,"München, Deutschland",https://stackoverflow.com/jobs/285784/frontend-software-engineer-evangelist-financialcom-ag
Front End Designer/Developer,L2P Enterprise Ltd,No office location,https://stackoverflow.com/jobs/432527/front-end-designer-developer-l2p-enterprise-ltd
Javascript Developer,OliBank,"Buenos Aires, Argentina",https://stackoverflow.com/jobs/450538/javascript-developer-olibank
Full-Stack Developer (f/m/d) - Core Engineering Team,Receeve GmbH,"Hamburg, Germany",https://stackoverflow.com/jobs/351277/full-stack-developer-f-m-d-core-engineering-receeve-gmbh
Solution Architect,Enovational,"Washington, DC",https://stackoverflow.com/jobs/420637/solution-architect-enovational
Full Stack Developer,OpsTalent,No office location,https://stackoverflow.com/jobs/463551/full-stack-developer-opstalent
Full-Stack .NET Engineer,MediKeeper,"San Diego, CA",https://stackoverflow.com/jobs/422397/full-stack-net-engineer-medikeeper
Javascript Developer,OliBank,No office location,https://stackoverflow.com/jobs/465276/javascript-developer-olibank
Senior Javascript Software Engineer,Dashlane,"Lisbon, Portugal",https://stackoverflow.com/jobs/441798/senior-javascript-software-engineer-dashlane
Senior Frontend Software Engineer,Circle,No office location,https://stackoverflow.com/jobs/472180/senior-frontend-software-engineer-circle
Frontend Developer,"Frotcom International, S.A.","Carnaxide, Portugal",https://stackoverflow.com/jobs/441402/frontend-developer-frotcom-international-sa
Senior Javascript Software Engineer,Dashlane,"Lisbon, Portugal",https://stackoverflow.com/jobs/441798/senior-javascript-software-engineer-dashlane
Senior Frontend Software Engineer,Circle,No office location,https://stackoverflow.com/jobs/472180/senior-frontend-software-engineer-circle
Senior Frontend Software Engineer,Circle,No office location,https://stackoverflow.com/jobs/472181/senior-frontend-software-engineer-circle
Senior Frontend Software Engineer,Circle,No office location,https://stackoverflow.com/jobs/472183/senior-frontend-software-engineer-circle
Senior Frontend Software Engineer,Circle,No office location,https://stackoverflow.com/jobs/472184/senior-frontend-software-engineer-circle
Front-End Software Engineer,HENNGE K.K.,"Tokyo, Japan",https://stackoverflow.com/jobs/381280/front-end-software-engineer-hennge-kk
Framtunga utvecklare till Cygni,Cygni,"Stockholm, Sweden",https://stackoverflow.com/jobs/447407/framtunga-utvecklare-till-cygni-cygni
FinTech Developer,OliBank,No office location,https://stackoverflow.com/jobs/465277/fintech-developer-olibank
Fullstack Web Developer,Smart Energy Lab,"Lisbon, Portugal",https://stackoverflow.com/jobs/465125/fullstack-web-developer-smart-energy-lab
Senior Frontend Developer (f/m/d),CA Customer Alliance GmbH,"Berlin, Germany",https://stackoverflow.com/jobs/421024/senior-frontend-developer-f-m-d-ca-customer-alliance-gmbh
Frontend Web Developer (m/w/d),EyeC GmbH,"Hamburg, Deutschland",https://stackoverflow.com/jobs/408135/frontend-web-developer-m-w-d-eyec-gmbh
Virtual Event Front-End Engineer,Active Theory,No office location,https://stackoverflow.com/jobs/480499/virtual-event-front-end-engineer-active-theory
Senior Full-Stack Engineer (m/f/d),Lumiform,"Berlin, Germany",https://stackoverflow.com/jobs/468287/senior-full-stack-engineer-m-f-d-lumiform
Frontend Developer,ABOUT YOU GmbH,"Hamburg, Deutschland",https://stackoverflow.com/jobs/304349/frontend-developer-about-you-gmbh
Front-End Developer,Jumbo Supermarkets,"Veghel, Netherlands",https://stackoverflow.com/jobs/468925/front-end-developer-jumbo-supermarkets
Full Stack Developer (f/m/x) for Social Fintech Startup in Hamburg,Tomorrow GmbH,"Hamburg, Deutschland",https://stackoverflow.com/jobs/465583/full-stack-developer-f-m-x-for-social-fintech-tomorrow-gmbh
Frontend Engineer - Working Student (m/f/d),Motius GmbH,"München, Deutschland",https://stackoverflow.com/jobs/456519/frontend-engineer-working-student-m-f-d-motius-gmbh
Mid-Level Software Engineer (Cloud),Total Defense,No office location,https://stackoverflow.com/jobs/468077/mid-level-software-engineer-cloud-total-defense
DevOps Engineer,Youtility Solar,"Woods Cross, UT",https://stackoverflow.com/jobs/409581/devops-engineer-youtility-solar
Front-End Developer | Junior Consultant,Accenture Italy,No office location,https://stackoverflow.com/jobs/456302/front-end-developer-junior-consultant-accenture-italy
Demodesk - Full-Stack Engineer in Assistant Team,Demodesk,"München, Germany",https://stackoverflow.com/jobs/450398/demodesk-full-stack-engineer-in-assistant-team-demodesk
senior front-end javascript developer,Cygni,"Amsterdam, Netherlands",https://stackoverflow.com/jobs/447954/senior-front-end-javascript-developer-cygni
Senior Frontend Engineer,ThetaCore,"Lehi, UT",https://stackoverflow.com/jobs/471616/senior-frontend-engineer-thetacore
Full Stack Developer Mobile Gaming (m/w/d),Lotum GmbH,"Bad Nauheim, Deutschland",https://stackoverflow.com/jobs/372990/full-stack-developer-mobile-gaming-m-w-d-lotum-gmbh
Full Stack Developer Mobile Gaming (m/w/d),Lotum GmbH,"Bad Nauheim, Deutschland",https://stackoverflow.com/jobs/372990/full-stack-developer-mobile-gaming-m-w-d-lotum-gmbh
Senior Frontend Engineer,ThetaCore,"Lehi, UT",https://stackoverflow.com/jobs/471616/senior-frontend-engineer-thetacore
Mid-Level Javascript & PHP Entwickler(in) für spannende Webapplikationen,4eyes GmbH,"Basel, Schweiz",https://stackoverflow.com/jobs/420062/mid-level-javascript-php-entwickler-in-f%C3%BCr-4eyes-gmbh
Front-end Engineer【Full-Remote work in Japan】,PayPay Corporation.,"Minato City, Japan",https://stackoverflow.com/jobs/292635/front-end-engineer-full-remote-work-in-japan-paypay-corporation
Senior Front-End Developer,GeoPhy,"The Hague, Netherlands",https://stackoverflow.com/jobs/468732/senior-front-end-developer-geophy
Front End Developer,YouGov,No office location,https://stackoverflow.com/jobs/469751/front-end-developer-yougov
Frontend Developer,AirLST GmbH,"München, Deutschland",https://stackoverflow.com/jobs/304709/frontend-developer-airlst-gmbh
Senior Frontend Developer,Parkside,"Graz, Österreich",https://stackoverflow.com/jobs/466270/senior-frontend-developer-parkside
Lead Frontend Engineer,Agrando,"München, Germany",https://stackoverflow.com/jobs/383568/lead-frontend-engineer-agrando
"Frontend Developer (m/w/d) in Leipzig, Halle (Saale) oder Dresden",Relaxdays GmbH,"Leipzig, Deutschland",https://stackoverflow.com/jobs/433898/frontend-developer-m-w-d-in-leipzig-halle-relaxdays-gmbh
DevOps Engineer Hypotheken,NN Group N.V.,"Den Haag, Netherlands",https://stackoverflow.com/jobs/461312/devops-engineer-hypotheken-nn-group-nv
Senior Front End Developer,ECR Software Corp.,"Boone, NC",https://stackoverflow.com/jobs/468534/senior-front-end-developer-ecr-software-corp
FRONTEND-ENTWICKLER (M/W/D),Albert Bauer Digital GmbH & Co KG,"Hamburg, Deutschland",https://stackoverflow.com/jobs/467108/frontend-entwickler-m-w-d-albert-bauer-digital-gmbh
Senior Frontend Developer (m/w/d),Neofonie,"Berlin, Deutschland",https://stackoverflow.com/jobs/399676/senior-frontend-developer-m-w-d-neofonie
Frontend-/ UI-Entwickler (w/m/d),INFORM - Institut für Operations Research und Management GmbH,"Aachen, Deutschland",https://stackoverflow.com/jobs/458152/frontend-ui-entwickler-w-m-d-inform-institut-f%C3%BCr
Front End/ Back End Software Developer,Supplycart Technologies Sdn Bhd,No office location,https://stackoverflow.com/jobs/430217/front-end-back-end-software-developer-supplycart-technologies-sdn
Senior Frontend Engineer,Ofload,No office location,https://stackoverflow.com/jobs/401723/senior-frontend-engineer-ofload
Senior Front-end Engineer,MedExpress Enterprises Ltd,"London, UK",https://stackoverflow.com/jobs/438811/senior-front-end-engineer-medexpress-enterprises-ltd
Staff Engineer to Lead Web Platform Development,Embark Vet,"Boston, MA",https://stackoverflow.com/jobs/456831/staff-engineer-to-lead-web-platform-development-embark-vet
(Senior) Web/Mobile Developer (m/w/d),Lotum GmbH,"Frankfurt am Main, Deutschland",https://stackoverflow.com/jobs/372988/senior-web-mobile-developer-m-w-d-lotum-gmbh
Senior UI Developer,ThinkIQ,"Aliso Viejo, CA",https://stackoverflow.com/jobs/440504/senior-ui-developer-thinkiq
Frontend Developer,Squla,"Amsterdam, Netherlands",https://stackoverflow.com/jobs/454638/frontend-developer-squla
Front-End Developer,Digidentity,"Den Haag, Netherlands",https://stackoverflow.com/jobs/305537/front-end-developer-digidentity
Frontend-Entwickler (m/w/d),onOffice GmbH,"Aachen, Deutschland",https://stackoverflow.com/jobs/430751/frontend-entwickler-m-w-d-onoffice-gmbh
Sr. Cloud Engineer (GCP) DevOps,Harlem Next,"Haarlem, Netherlands",https://stackoverflow.com/jobs/423490/sr-cloud-engineer-gcp-devops-harlem-next
Frontend Developer (m/f/d),WPS Management GmbH,"Paderborn, Deutschland",https://stackoverflow.com/jobs/293572/frontend-developer-m-f-d-wps-management-gmbh
Senior Frontend Engineer (m/w/x) - remote possible,Jimdo,"Hamburg, Germany",https://stackoverflow.com/jobs/460639/senior-frontend-engineer-m-w-x-remote-possible-jimdo
Senior Frontend Engineer,Voodoo.io,"Paris, France",https://stackoverflow.com/jobs/430364/senior-frontend-engineer-voodooio
フロントエンドエンジニア,HENNGE K.K.,"Tokyo, Japan",https://stackoverflow.com/jobs/381284/%E3%83%95%E3%83%AD%E3%83%B3%E3%83%88%E3%82%A8%E3%83%B3%E3%83%89%E3%82%A8%E3%83%B3%E3%82%B8%E3%83%8B%E3%82%A2-hennge-kk
Lead Front-End Web Engineer,LiveSurface,No office location,https://stackoverflow.com/jobs/460777/lead-front-end-web-engineer-livesurface
Full Stack Web Developer (m/w/d),EyeC GmbH,"Hamburg, Deutschland",https://stackoverflow.com/jobs/408137/full-stack-web-developer-m-w-d-eyec-gmbh
Frontend Developer,European Molecular Biology Laboratory (EMBL),"Heidelberg, Deutschland",https://stackoverflow.com/jobs/465577/frontend-developer-european-molecular-biology
Senior Software Developer,HawkSoft,No office location,https://stackoverflow.com/jobs/444716/senior-software-developer-hawksoft
Full Stack Engineer | digital healthcare enabling 3D-printed orthopedic implants,TOKA MedTech / 3D Metal PrintingviaTechfolk Ltd,"Bath, UK",https://stackoverflow.com/jobs/455190/full-stack-engineer-digital-healthcare-enabling-toka-medtech-3d-metal
Frontend Engineer,Penn Interactive Ventures,"Philadelphia, PA",https://stackoverflow.com/jobs/471647/frontend-engineer-penn-interactive-ventures
Full-Stack Web Developer,Bullseye Media LLC,"Minneapolis, MN",https://stackoverflow.com/jobs/424985/full-stack-web-developer-bullseye-media-llc
TECH LEAD (F/H),Octo Technology,"Paris, France",https://stackoverflow.com/jobs/445447/tech-lead-f-h-octo-technology
Senior Front-End Engineer,Jibble,No office location,https://stackoverflow.com/jobs/468712/senior-front-end-engineer-jibble
Senior Full Stack Engineer (Remote OR NYC),Noom,"New York, NY",https://stackoverflow.com/jobs/283522/senior-full-stack-engineer-remote-or-nyc-noom
Front End Engineer,ReCharge Payments,No office location,https://stackoverflow.com/jobs/469141/front-end-engineer-recharge-payments
Full Stack PHP Web Developer,"Outreach, Inc.","Colorado Springs, CO",https://stackoverflow.com/jobs/364886/full-stack-php-web-developer-outreach-inc
Frontend Developer e-Commerce (f/m/d) (based in Germany),LILLYDOO GmbH,No office location,https://stackoverflow.com/jobs/240569/frontend-developer-e-commerce-f-m-d-based-in-lillydoo-gmbh
Fullstack Software Developer (Java/JavaScript) (m/w/d),FTAPI Software GmbH,"München, Deutschland",https://stackoverflow.com/jobs/217452/fullstack-software-developer-java-javascript-m-ftapi-software-gmbh
Senior Fullstack Developer - Polyglot with focus on PHP and JavaScript (m/f/d),social sweethearts® GmbH,"München, Deutschland",https://stackoverflow.com/jobs/456726/senior-fullstack-developer-polyglot-with-focus-social-sweethearts-gmbh
Senior Full Stack Engineer - Cyber Security,Myra Security GmbH,"München, Deutschland",https://stackoverflow.com/jobs/466848/senior-full-stack-engineer-cyber-security-myra-security-gmbh
Full Stack Programmer,Springs Charter Schools,"Temecula, CA",https://stackoverflow.com/jobs/458648/full-stack-programmer-springs-charter-schools
Technical Lead Developer,Talnt,"London, UK",https://stackoverflow.com/jobs/473471/technical-lead-developer-talnt
Senior Full Stack Developer,Servian,"Brisbane City, Australia",https://stackoverflow.com/jobs/427870/senior-full-stack-developer-servian
Développeur C# / .NET H/F – Poste CDI – Lille,SkillValue,"Lille, France",https://stackoverflow.com/jobs/395711/d%C3%A9veloppeur-c-sharp-net-h-f-poste-cdi-lille-skillvalue
Senior Frontend Developer,"Stacklet, Inc.",No office location,https://stackoverflow.com/jobs/423281/senior-frontend-developer-stacklet-inc
Front-End Web Developer (all genders) Full-/Part-time,Accenture DACH,"Frankfurt, Germany",https://stackoverflow.com/jobs/391299/front-end-web-developer-all-genders-full-part-accenture-dach
"Backend Developer PHP (m/w/d) in Leipzig, Halle (Saale) oder Dresden",Relaxdays GmbH,"Leipzig, Deutschland",https://stackoverflow.com/jobs/433896/backend-developer-php-m-w-d-in-leipzig-halle-relaxdays-gmbh
Java Software Engineer,Practichem,No office location,https://stackoverflow.com/jobs/454944/java-software-engineer-practichem
Senior Software Architect,Practichem,No office location,https://stackoverflow.com/jobs/457036/senior-software-architect-practichem
Full Stack Software Developer - Manufacturing,Apple,"Cork, Ireland",https://stackoverflow.com/jobs/460624/full-stack-software-developer-manufacturing-apple
"Backend Developer C# (w/m/d) in Leipzig, Halle (Saale) oder Dresden",Relaxdays GmbH,"Leipzig, Deutschland",https://stackoverflow.com/jobs/433895/backend-developer-c-sharp-w-m-d-in-leipzig-halle-relaxdays-gmbh
Senior Full-Stack Developer Javascript (m/f/d),e-bot7 GmbH,"München, Deutschland",https://stackoverflow.com/jobs/463929/senior-full-stack-developer-javascript-m-f-d-e-bot7-gmbh
Data Engineer - Python,Sytac IT Consulting,"Amsterdam, Netherlands",https://stackoverflow.com/jobs/477308/data-engineer-python-sytac-it-consulting
Salesforce Apex Developer,LeadIQ,Singapore,https://stackoverflow.com/jobs/422622/salesforce-apex-developer-leadiq
Full-stack Software Engineer,Otta,"London, UK",https://stackoverflow.com/jobs/462207/full-stack-software-engineer-otta
"Senior Software Developer (Lead Consultant, Melbourne/Sydney based)",No Moss Co,"Surry Hills, Australia",https://stackoverflow.com/jobs/462176/senior-software-developer-lead-consultant-no-moss-co
Project Manager,LeadIQ,Singapore,https://stackoverflow.com/jobs/422625/project-manager-leadiq
Full Stack Software Developer - Java (all genders) Full-/Part-time,Accenture DACH,"Zürich, Switzerland",https://stackoverflow.com/jobs/391300/full-stack-software-developer-java-all-accenture-dach
Backend Developer,Sofía,"Mexico City, Mexico",https://stackoverflow.com/jobs/255373/backend-developer-sof%C3%ADa
Fullstack Developer,chess24,"Hamburg, Germany",https://stackoverflow.com/jobs/455005/fullstack-developer-chess24
Senior Full-Stack Developer (m/f/d) for Berlin based MVP Startup,Venture Leap GmbH,"Berlin, Deutschland",https://stackoverflow.com/jobs/388231/senior-full-stack-developer-m-f-d-for-berlin-venture-leap-gmbh
Software Developer (gn) JavaScript,4Com GmbH & Co. KG,"Hamm, Deutschland",https://stackoverflow.com/jobs/466451/software-developer-gn-javascript-4com-gmbh-co-kg
Junior Software Engineer for Micro Frontends,smapiot,"München, Germany",https://stackoverflow.com/jobs/278008/junior-software-engineer-for-micro-frontends-smapiot
Senior Java Developer who wants to make a difference!,O'Reilly Auto Parts,No office location,https://stackoverflow.com/jobs/130997/senior-java-developer-who-wants-to-make-a-oreilly-auto-parts
Full Stack Software Engineer (all genders),Zühlke Engineering Austria,"Wien, Austria",https://stackoverflow.com/jobs/454632/full-stack-software-engineer-all-genders-z%C3%BChlke-engineering-austria
"Awesome Full-Stack Software Engineer - Java, Python (Fully Cleared)",Erias Ventures,"Annapolis Junction, MD",https://stackoverflow.com/jobs/432032/awesome-full-stack-software-engineer-java-erias-ventures
Front-End Developer (JavaScript/HTML/CSS),Adopt-a-Pet.com,"Claremont, CA",https://stackoverflow.com/jobs/471195/front-end-developer-javascript-html-css-adopt-a-petcom
Senior Full-Stack Engineer,"Made Market, Inc.","Santa Monica, CA",https://stackoverflow.com/jobs/456324/senior-full-stack-engineer-made-market-inc
Full Stack Developer,Mullvad VPN,"Gothenburg, Sweden",https://stackoverflow.com/jobs/448302/full-stack-developer-mullvad-vpn
Data Products Backend Developer (m/f/d),UNIVERSAL MUSIC ENTERTAINMENT GMBH,"Berlin, Deutschland",https://stackoverflow.com/jobs/460484/data-products-backend-developer-m-f-d-universal-music-entertainment
Senior Software Engineer (React/Java),Pinnacle 21,"Blue Bell, PA",https://stackoverflow.com/jobs/262299/senior-software-engineer-react-java-pinnacle-21
"Architect (Node, React) - Remote Global",Modus Create,No office location,https://stackoverflow.com/jobs/471618/architect-node-react-remote-global-modus-create
Senior Node.js Full-stack Developer,MarsBased,No office location,https://stackoverflow.com/jobs/450345/senior-nodejs-full-stack-developer-marsbased
Software Architect,Decodify.me LLC,No office location,https://stackoverflow.com/jobs/443400/software-architect-decodifyme-llc
Software Engineering - Python,"JPMorgan Chase Bank, N.A.","Hyderabad, India",https://stackoverflow.com/jobs/474816/software-engineering-python-jpmorgan-chase-bank-na
Senior/Lead Software Engineer,CV Partner,"London, UK",https://stackoverflow.com/jobs/471140/senior-lead-software-engineer-cv-partner
Software Engineer (Full Stack),Fei Siong Food Management Pte. Ltd.,Singapore,https://stackoverflow.com/jobs/422615/software-engineer-full-stack-fei-siong-food-management
Java (Kotlin) Spring Boot Microservices AWS Backend Engineer (m/f/x),"AVANTGARDE - ""Creating Fans""","Berlin, Deutschland",https://stackoverflow.com/jobs/276892/java-kotlin-spring-boot-microservices-aws-avantgarde-creating-fans
Frontend Software Developer (m/f/x) Zeppelin Digital Platform,Zeppelin GmbH,"Garching bei München, Deutschland",https://stackoverflow.com/jobs/474755/frontend-software-developer-m-f-x-zeppelin-zeppelin-gmbh
Backend developer to build robust systems with Kotlin,Shape A/S,"København, Denmark",https://stackoverflow.com/jobs/370009/backend-developer-to-build-robust-systems-with-shape-a-s
*REMOTE* Senior Kotlin (Java) Backend Engineer (m/w/d) TVNOW Streaming Plattform,"AVANTGARDE - ""Creating Fans""",No office location,https://stackoverflow.com/jobs/468935/remote-senior-kotlin-java-backend-engineer-m-avantgarde-creating-fans
Mid-Senior Software Engineer ~ Big Data Solutions,Lean Media,"Chesterfield, MO",https://stackoverflow.com/jobs/271865/mid-senior-software-engineer-big-data-solutions-lean-media
Full Stack Engineer at Sellpy,Sellpy,"Stockholm, Sweden",https://stackoverflow.com/jobs/456515/full-stack-engineer-at-sellpy-sellpy
Backend Software Engineer,Raycast,No office location,https://stackoverflow.com/jobs/473499/backend-software-engineer-raycast
Senior Software Engineer,uShip,"Austin, TX",https://stackoverflow.com/jobs/451415/senior-software-engineer-uship
Full Stack Javascript Software Engineer,SDVI,No office location,https://stackoverflow.com/jobs/254207/full-stack-javascript-software-engineer-sdvi
"Senior Frontend Software Engineer -- East Bay, Austin, U.S. Remote",Underline,No office location,https://stackoverflow.com/jobs/423274/senior-frontend-software-engineer-east-bay-underline
Lead Front End Engineer,"Chewy, Inc.","Minneapolis, MN",https://stackoverflow.com/jobs/465989/lead-front-end-engineer-chewy-inc
Lead Data Scientist (m/f/d),e-bot7 GmbH,"München, Deutschland",https://stackoverflow.com/jobs/456760/lead-data-scientist-m-f-d-e-bot7-gmbh
Hackers wanted - Software Engineers (m/f/d) & Machine Learning Experts (m/f/d),freiheit.com technologies gmbh,"Lissabon, Portugal",https://stackoverflow.com/jobs/254089/hackers-wanted-software-engineers-m-f-d-freiheitcom-technologies-gmbh
Senior Software Engineer - Frontend (Remote),Web Summit,"Dublin 6, Ireland",https://stackoverflow.com/jobs/289346/senior-software-engineer-frontend-remote-web-summit
Full Stack Developer (SNPS) - Build platforms at national scale,Government Technology Agency of Singapore,Singapore,https://stackoverflow.com/jobs/409515/full-stack-developer-snps-build-platforms-at-government-technology-agency
"Senior Software Engineer, Supply Chain Systems","Chewy, Inc.","Boston, MA",https://stackoverflow.com/jobs/475338/senior-software-engineer-supply-chain-systems-chewy-inc
"Senior Software Engineer, Supply Chain Systems","Chewy, Inc.","Minneapolis, MN",https://stackoverflow.com/jobs/475337/senior-software-engineer-supply-chain-systems-chewy-inc
**REMOTE** (Solution) Architect (m/w/d) TVNOW Streaming Plattform,"AVANTGARDE - ""Creating Fans""",No office location,https://stackoverflow.com/jobs/468933/remote-solution-architect-m-w-d-tvnow-avantgarde-creating-fans
Staff Software Engineer (Node),"Jack Henry & Associates, Inc.®",No office location,https://stackoverflow.com/jobs/471201/staff-software-engineer-node-jack-henry-associates-inc
Senior UI / Front End Developer (100% Remote),Mapleton Hill,"Boulder, CO",https://stackoverflow.com/jobs/32763/senior-ui-front-end-developer-100-remote-mapleton-hill
Lead Full-Stack Web Developer,Evercast,No office location,https://stackoverflow.com/jobs/462521/lead-full-stack-web-developer-evercast
Senior Backend Engineer (Python/Django),Financial Technology Partners,"San Francisco, CA",https://stackoverflow.com/jobs/446918/senior-backend-engineer-python-django-financial-technology-partners
Backend Engineer - Working Student (m/f/d),Motius GmbH,"München, Deutschland",https://stackoverflow.com/jobs/456520/backend-engineer-working-student-m-f-d-motius-gmbh
"Senior Software Engineer, Fulfillment Systems","Chewy, Inc.","Minneapolis, MN",https://stackoverflow.com/jobs/475340/senior-software-engineer-fulfillment-systems-chewy-inc
"Senior Software Engineer, Fulfillment Systems","Chewy, Inc.","Boston, MA",https://stackoverflow.com/jobs/475339/senior-software-engineer-fulfillment-systems-chewy-inc
Software Engineer - Web UI,Agrian Inc.,"Clovis, CA",https://stackoverflow.com/jobs/451025/software-engineer-web-ui-agrian-inc
.NET Software Engineer,"Tivix, Inc.","Wrocław, Poland",https://stackoverflow.com/jobs/420644/net-software-engineer-tivix-inc
Softwareentwickler (m/w/d),Bentomax GmbH,"Kiel, Deutschland",https://stackoverflow.com/jobs/477600/softwareentwickler-m-w-d-bentomax-gmbh
"Fullstack Software Engineer (JavaScript, Python)",F-Secure,"Poznań, Poland",https://stackoverflow.com/jobs/470808/fullstack-software-engineer-javascript-python-f-secure
Lead Front End Engineer,"Chewy, Inc.","Boston, MA",https://stackoverflow.com/jobs/465981/lead-front-end-engineer-chewy-inc
Lead Software Engineer - Join our growing team of 30+ software engineers,Tails.com,"Richmond, UK",https://stackoverflow.com/jobs/391983/lead-software-engineer-join-our-growing-team-of-tailscom
Hackers wanted-Looking for a Senior Developer (m/f/d) with Team Lead Experience!,freiheit.com technologies gmbh,"Hamburg, Deutschland",https://stackoverflow.com/jobs/91520/hackers-wanted-looking-for-a-senior-developer-m-freiheitcom-technologies-gmbh
Senior Frontend Engineer (m|w|x) - Product Discovery,idealo internet GmbH,"Berlin, Deutschland",https://stackoverflow.com/jobs/462517/senior-frontend-engineer-m-w-x-product-idealo-internet-gmbh
Senior Full-Stack Developer / Engineer (Secure Comms),SaltDNA,"Belfast, UK",https://stackoverflow.com/jobs/467740/senior-full-stack-developer-engineer-secure-saltdna
Hackers wanted - Software Engineers (m/f/d) & Machine Learning Experts (m/f/d),freiheit.com technologies gmbh,"Hamburg, Deutschland",https://stackoverflow.com/jobs/165266/hackers-wanted-software-engineers-m-f-d-freiheitcom-technologies-gmbh
Senior Full Stack Software Engineer,"System Concepts, Inc.","Scottsdale, AZ",https://stackoverflow.com/jobs/204563/senior-full-stack-software-engineer-system-concepts-inc
C++ Application Developer,LMAX Group,"London, UK",https://stackoverflow.com/jobs/474110/c-plus-plus-application-developer-lmax-group
"Software Engineer, Frontend",Mastt Australia Pty Ltd,"Sydney, Australia",https://stackoverflow.com/jobs/467686/software-engineer-frontend-mastt-australia-pty-ltd
Front-End Developer (m/f/d) for Berlin-based MVP Startup,Venture Leap GmbH,"Berlin, Deutschland",https://stackoverflow.com/jobs/424948/front-end-developer-m-f-d-for-berlin-based-mvp-venture-leap-gmbh
Join us in our Sustainable Energy revolution as a Senior backend developer,The Sustainables BV,"Amsterdam, Netherlands",https://stackoverflow.com/jobs/457962/join-us-in-our-sustainable-energy-revolution-as-a-the-sustainables-bv
JavaScript Engineer for our ecommerce storefront  (f/m/d),ePages GmbH,"Hamburg, Germany",https://stackoverflow.com/jobs/123431/javascript-engineer-for-our-ecommerce-storefront-epages-gmbh
Hackers wanted-Looking for a Senior Developer (m/f/d) with Team Lead Experience!,freiheit.com technologies gmbh,"Lissabon, Portugal",https://stackoverflow.com/jobs/197741/hackers-wanted-looking-for-a-senior-developer-m-freiheitcom-technologies-gmbh
Full Stack Engineer - Intermediate ( Remote ),New Context Services,No office location,https://stackoverflow.com/jobs/473488/full-stack-engineer-intermediate-remote-new-context-services
"Lead Polyglot Software Engineers – TDD, XP, JavaScript",Pragmateam,"Sydney, Australia",https://stackoverflow.com/jobs/459520/lead-polyglot-software-engineers-tdd-xp-pragmateam
Senior Back-end / Ruby on Rails Developer,iubenda,"Milan, Italy",https://stackoverflow.com/jobs/445818/senior-back-end-ruby-on-rails-developer-iubenda
Frontend-Developer (m/f/d),TOPdesk,"Kaiserslautern, Deutschland",https://stackoverflow.com/jobs/465950/frontend-developer-m-f-d-topdesk
Senior Full Stack Software Engineer,"System Concepts, Inc.","Scottsdale, AZ",https://stackoverflow.com/jobs/204563/senior-full-stack-software-engineer-system-concepts-inc
Senior Software Engineer,Patch.com,"New York, NY",https://stackoverflow.com/jobs/394309/senior-software-engineer-patchcom
.Net Full Stack developer (m/w/d),EyeC GmbH,"Hamburg, Deutschland",https://stackoverflow.com/jobs/408138/net-full-stack-developer-m-w-d-eyec-gmbh
Full Stack Software Engineer,"JPMorgan Chase Bank, N.A.","Columbus, OH",https://stackoverflow.com/jobs/479812/full-stack-software-engineer-jpmorgan-chase-bank-na
Digital-Senior Software/Lead Engineer-System Infra,FactSet,"Hyderabad, India",https://stackoverflow.com/jobs/461321/digital-senior-software-lead-engineer-system-infra-factset
Full Stack Software Engineer - Mobile Healthcare,Medsphere,No office location,https://stackoverflow.com/jobs/406291/full-stack-software-engineer-mobile-healthcare-medsphere
Front-End Software Engineer,Mimacom,"Zürich, Switzerland",https://stackoverflow.com/jobs/412730/front-end-software-engineer-mimacom
Java Entwickler*in (m/w/d),GFT Deutschland,"Eschborn, Deutschland",https://stackoverflow.com/jobs/393531/java-entwickler-in-m-w-d-gft-deutschland
Lead Software Engineer,Unscene,"Tokyo, Japan",https://stackoverflow.com/jobs/474465/lead-software-engineer-unscene
Senior Backend Engineer (m/f/d) - Node.js,Motius GmbH,"München, Deutschland",https://stackoverflow.com/jobs/433911/senior-backend-engineer-m-f-d-nodejs-motius-gmbh
Senior Software Engineer,Marks & Spencer,"London, UK",https://stackoverflow.com/jobs/463985/senior-software-engineer-marks-spencer
Senior Software Engineer Frontend React,"Chewy, Inc.","Seattle, WA",https://stackoverflow.com/jobs/475346/senior-software-engineer-frontend-react-chewy-inc
Mid- / Senior PHP Web Developer,Energy Gruppe Schweiz,"Zürich, Switzerland",https://stackoverflow.com/jobs/371108/mid-senior-php-web-developer-energy-gruppe-schweiz
Full Stack Engineer,causaLens,"London, UK",https://stackoverflow.com/jobs/468461/full-stack-engineer-causalens
AEM Software Developer (m/f/x) Zeppelin Digital Platform,Zeppelin GmbH,"Garching bei München, Deutschland",https://stackoverflow.com/jobs/474754/aem-software-developer-m-f-x-zeppelin-digital-zeppelin-gmbh
Senior Software Engineer (Cloud Native),Nexthink,"Boston, MA",https://stackoverflow.com/jobs/469365/senior-software-engineer-cloud-native-nexthink
Softwareentwickler Web-Frontend (m/w/d),KERMI GmbH,"Plattling, Deutschland",https://stackoverflow.com/jobs/473438/softwareentwickler-web-frontend-m-w-d-kermi-gmbh
Java Software Engineer - ATM Technology,"JPMorgan Chase Bank, N.A.","Westerville, OH",https://stackoverflow.com/jobs/480052/java-software-engineer-atm-technology-jpmorgan-chase-bank-na
Full Stack Software Developer - IoT (w/m/d) 80-100%,Husqvarna Schweiz AG,"Zürich, Schweiz",https://stackoverflow.com/jobs/401351/full-stack-software-developer-iot-w-m-d-80-husqvarna-schweiz-ag
Fullstack Software Engineer (Java) - Hong Kong,Zuhlke Engineering Hongkong,Hong Kong,https://stackoverflow.com/jobs/454966/fullstack-software-engineer-java-hong-kong-zuhlke-engineering-hongkong
Team Lead / Senior Nodejs Developer,springbig inc.,"Montreal, QC, Canada",https://stackoverflow.com/jobs/462714/team-lead-senior-nodejs-developer-springbig-inc
Software Engineering Lead,"JPMorgan Chase Bank, N.A.","Columbus, OH",https://stackoverflow.com/jobs/477372/software-engineering-lead-jpmorgan-chase-bank-na
"Full-Stack Web Developer, Full-Time Job – Bucharest",SkillValue,"Bucharest, Romania",https://stackoverflow.com/jobs/460150/full-stack-web-developer-full-time-job-skillvalue
Senior Software Engineer (Cloud Native),Nexthink,"Boston, MA",https://stackoverflow.com/jobs/469365/senior-software-engineer-cloud-native-nexthink
Webfejlesztő,UNIQA Raiffeisen Software Service Kft.,"Budapest, Ungarn",https://stackoverflow.com/jobs/374734/webfejleszt%C5%91-uniqa-raiffeisen-software
Webentwickler im Inhouse Marketing (m/w/d),JULABO GmbH,"Seelbach, Deutschland",https://stackoverflow.com/jobs/472007/webentwickler-im-inhouse-marketing-m-w-d-julabo-gmbh
Backend PHP developer with Dev-Ops skillset,Enrise,"Amersfoort, Netherlands",https://stackoverflow.com/jobs/447388/backend-php-developer-with-dev-ops-skillset-enrise
Sr. Software Engineer,VisuWell,"Chattanooga, TN",https://stackoverflow.com/jobs/274406/sr-software-engineer-visuwell
Fullstack Engineer,Roon Labs LLC,No office location,https://stackoverflow.com/jobs/393281/fullstack-engineer-roon-labs-llc
Frontend/Mobile Developer (m/w/d),CtrlMovie AG,"Stuttgart, Deutschland",https://stackoverflow.com/jobs/380076/frontend-mobile-developer-m-w-d-ctrlmovie-ag
Experienced Java Web Developer,Cloudflight GmbH,"Linz, Austria",https://stackoverflow.com/jobs/466824/experienced-java-web-developer-cloudflight-gmbh
Workingstudent Tech & Engineering,Limehome GmbH,"München, Germany",https://stackoverflow.com/jobs/408795/workingstudent-tech-engineering-limehome-gmbh
Software Engineer (.NET Core),Kaizen Gaming (Stoiximan/Betano),"Athens, Greece",https://stackoverflow.com/jobs/411413/software-engineer-net-core-kaizen-gaming-stoiximan
PHP Developer (w/*/m),queo GmbH,"Dresden, Deutschland",https://stackoverflow.com/jobs/399160/php-developer-w-m-queo-gmbh
Front-end Software Engineer,Dentally,No office location,https://stackoverflow.com/jobs/463631/front-end-software-engineer-dentally
Front End .Net Developer,Mastercard,"Tel Aviv-Yafo, Israel",https://stackoverflow.com/jobs/465575/front-end-net-developer-mastercard
Lead Development Engineer,Mastercard,"Tel Aviv-Yafo, Israel",https://stackoverflow.com/jobs/465579/lead-development-engineer-mastercard
Teamleiter Softwareentwicklung (m/w/d),Haufe Group,"Freiburg im Breisgau, Germany",https://stackoverflow.com/jobs/473484/teamleiter-softwareentwicklung-m-w-d-haufe-group
Back End Developer,Mastercard,"Tel Aviv-Yafo, Israel",https://stackoverflow.com/jobs/465576/back-end-developer-mastercard
Frontend Entwickler (m/w/d),OGS Gesellschaft für Datenverarbeitung und Systemberatung mbH,"Koblenz, Deutschland",https://stackoverflow.com/jobs/456252/frontend-entwickler-m-w-d-ogs-gesellschaft-f%C3%BCr
Senior Web-Entwickler / Frontend-Entwickler (m/w/d),umlaut,"Aachen, Deutschland",https://stackoverflow.com/jobs/463912/senior-web-entwickler-frontend-entwickler-m-w-umlaut
Frontend Developer (m/w/d),neteleven GmbH,"München, Deutschland",https://stackoverflow.com/jobs/472014/frontend-developer-m-w-d-neteleven-gmbh
Principal Software Engineer,ReCharge Payments,No office location,https://stackoverflow.com/jobs/463336/principal-software-engineer-recharge-payments
E-Commerce Software-Entwickler Full-Stack (M/W/D),POET GmbH,"Karlsruhe, Deutschland",https://stackoverflow.com/jobs/417417/e-commerce-software-entwickler-full-stack-m-w-d-poet-gmbh
Lead Developer Ruby on Rails (m/f/div),PAIR Finance GmbH,"Berlin, Deutschland",https://stackoverflow.com/jobs/303965/lead-developer-ruby-on-rails-m-f-div-pair-finance-gmbh
.Net Software Developer,eDerm Systems,"Boca Raton, FL",https://stackoverflow.com/jobs/357993/net-software-developer-ederm-systems
Frontend Web Engineer,Skillhouse Staffing Solutions,"Tokyo, Japan",https://stackoverflow.com/jobs/470540/frontend-web-engineer-skillhouse-staffing-solutions
Full Stack Developer (Java/AWS),F-Secure,"Poznań, Poland",https://stackoverflow.com/jobs/416126/full-stack-developer-java-aws-f-secure
.Net Software Developer,eDerm Systems,"Boca Raton, FL",https://stackoverflow.com/jobs/357993/net-software-developer-ederm-systems
Frontend Web Engineer,Skillhouse Staffing Solutions,"Tokyo, Japan",https://stackoverflow.com/jobs/470540/frontend-web-engineer-skillhouse-staffing-solutions
SENIOR GO AND/OR LARAVEL DEVELOPER,Peytz & Co A/S,"Sofia, Bulgaria",https://stackoverflow.com/jobs/474747/senior-go-and-or-laravel-developer-peytz-co-a-s
Principal Software Engineer,Citizens Bank,"Providence, RI",https://stackoverflow.com/jobs/472076/principal-software-engineer-citizens-bank
Principal Software Engineer,Citizens Bank,"Providence, RI",https://stackoverflow.com/jobs/472075/principal-software-engineer-citizens-bank
Sr. Full Stack Software Engineer,Higher Logic,No office location,https://stackoverflow.com/jobs/453726/sr-full-stack-software-engineer-higher-logic
Serverless DevOps Engineer - REMOTE,ParOne,No office location,https://stackoverflow.com/jobs/457959/serverless-devops-engineer-remote-parone
"Software-Entwickler für cloud-native Anwendungen, Full-Stack",Paessler AG,No office location,https://stackoverflow.com/jobs/412301/software-entwickler-f%C3%BCr-cloud-native-anwendungen-paessler-ag
Frontend Engineer (m/f/d),MobiLab Solutions,"Köln, Germany",https://stackoverflow.com/jobs/424234/frontend-engineer-m-f-d-mobilab-solutions
"Senior .NET Developer - C#, RESTful, Angular, React (Senior, Remote)",TopDevz,No office location,https://stackoverflow.com/jobs/467800/senior-net-developer-c-sharp-restful-angular-topdevz
Erfahrener Web-Entwickler (m/w/d) für den IServ Schulserver,IServ GmbH,"Braunschweig, Deutschland",https://stackoverflow.com/jobs/408160/erfahrener-web-entwickler-m-w-d-f%C3%BCr-den-iserv-iserv-gmbh
Senior Full Stack JavaScript Developer - Remote,Upstack,No office location,https://stackoverflow.com/jobs/422075/senior-full-stack-javascript-developer-remote-upstack
Adobe AEM Engineer,BairesDev LLC,"San Francisco, CA",https://stackoverflow.com/jobs/478503/adobe-aem-engineer-bairesdev-llc
Senior User Experience Software Engineer,"JPMorgan Chase Bank, N.A.","Jersey City, NJ",https://stackoverflow.com/jobs/479813/senior-user-experience-software-engineer-jpmorgan-chase-bank-na
Software-Engineer Web Applications / Web Developer (m/w/d),BWI GmbH,"Essen, Deutschland",https://stackoverflow.com/jobs/457372/software-engineer-web-applications-web-bwi-gmbh
DevSecOps Engineer,BrainGu,"Fayetteville, NC",https://stackoverflow.com/jobs/423179/devsecops-engineer-braingu
Senior Front End Developer,KOHO,No office location,https://stackoverflow.com/jobs/459781/senior-front-end-developer-koho
Senior Fullstack Developer - Java / Kotlin / Javascript,teckro,"Dublin 2, Ireland",https://stackoverflow.com/jobs/401733/senior-fullstack-developer-java-kotlin-teckro
Senior Back-End Engineer,Jibble,No office location,https://stackoverflow.com/jobs/468713/senior-back-end-engineer-jibble
Java Full Stack Software Engineer,"JPMorgan Chase Bank, N.A.","Columbus, OH",https://stackoverflow.com/jobs/474490/java-full-stack-software-engineer-jpmorgan-chase-bank-na
Frontend Web Developer,T-Bone Productions,"Sydney, Australia",https://stackoverflow.com/jobs/147675/frontend-web-developer-t-bone-productions
Java Developer with a lot of freedom in your job,TOPdesk,"Delft, Netherlands",https://stackoverflow.com/jobs/425992/java-developer-with-a-lot-of-freedom-in-your-job-topdesk
Senior Software Engineer C#/.NET/JavaScript,Sinara Consultants Limited,"London, UK",https://stackoverflow.com/jobs/437583/senior-software-engineer-c-sharp-net-javascript-sinara-consultants-limited
iOS Engineer,Durstexpress GmbH,"Berlin, Germany",https://stackoverflow.com/jobs/364025/ios-engineer-durstexpress-gmbh
Software Engineering - Java Fullstack & AWS,"JPMorgan Chase Bank, N.A.","Bengaluru, India",https://stackoverflow.com/jobs/480145/software-engineering-java-fullstack-aws-jpmorgan-chase-bank-na
Senior Back-End Engineer,Jibble,No office location,https://stackoverflow.com/jobs/468713/senior-back-end-engineer-jibble
Software Engineer - .NET / Java,"JPMorgan Chase Bank, N.A.","Columbus, OH",https://stackoverflow.com/jobs/473413/software-engineer-net-java-jpmorgan-chase-bank-na
Softwareentwickler - C# (m/w/d),Hahn Softwareentwicklung,"Maxhütte-Haidhof, Deutschland",https://stackoverflow.com/jobs/338764/softwareentwickler-c-sharp-m-w-d-hahn-softwareentwicklung
Software Engineer .NET,VX Company,"Baarn, Netherlands",https://stackoverflow.com/jobs/377088/software-engineer-net-vx-company
Senior Front End Engineer UI/UX,"GridUnity, Inc",No office location,https://stackoverflow.com/jobs/472039/senior-front-end-engineer-ui-ux-gridunity-inc
Front-end Developer,Triple,"Alkmaar, Netherlands",https://stackoverflow.com/jobs/407700/front-end-developer-triple
Software Engineer,"WorkLLama, LLC","Alpharetta, GA",https://stackoverflow.com/jobs/457859/software-engineer-workllama-llc
iOS Engineer,Durstexpress GmbH,"Berlin, Germany",https://stackoverflow.com/jobs/364025/ios-engineer-durstexpress-gmbh
Senior Software Architekt (m/w/d) mit Option auf stellv. Teamleitung,Meierhofer AG,"München, Deutschland",https://stackoverflow.com/jobs/465084/senior-software-architekt-m-w-d-mit-option-auf-meierhofer-ag
Full Stack Developer,PrizeLogic,"Scottsdale, AZ",https://stackoverflow.com/jobs/397846/full-stack-developer-prizelogic
Senior Front-End Architect,Accenture Italy,"Milan, Italy",https://stackoverflow.com/jobs/448558/senior-front-end-architect-accenture-italy
Frontend Engineer,"GridUnity, Inc","Boston, MA",https://stackoverflow.com/jobs/400405/frontend-engineer-gridunity-inc
Full Stack PHP Developer,DkR,"Lomazzo, Italy",https://stackoverflow.com/jobs/396797/full-stack-php-developer-dkr
Front-End Developer,KBMax,"Austin, TX",https://stackoverflow.com/jobs/468520/front-end-developer-kbmax
Software-Developer (m/f/d),TOPdesk,"Kaiserslautern, Deutschland",https://stackoverflow.com/jobs/465952/software-developer-m-f-d-topdesk
SAP-Tech-Developer (m/w/d),GASAG AG,"Berlin, Deutschland",https://stackoverflow.com/jobs/473103/sap-tech-developer-m-w-d-gasag-ag
Javascript Developer - Angular or Node.js,Arcanys,"Ho Chi Minh City, Vietnam",https://stackoverflow.com/jobs/243364/javascript-developer-angular-or-nodejs-arcanys
Software Entwickler Java (w/m/x),RegioHelden GmbH,"Köln, Deutschland",https://stackoverflow.com/jobs/450821/software-entwickler-java-w-m-x-regiohelden-gmbh
Senior Software Developer,DCSL Software Ltd,"London, UK",https://stackoverflow.com/jobs/399681/senior-software-developer-dcsl-software-ltd
"Senior Software Developer* (Belgrade, Krusevac, Novi Sad)",3AP AG,"Beograd, Serbia",https://stackoverflow.com/jobs/237521/senior-software-developer-belgrade-krusevac-3ap-ag
Teamleiter / Senior Java Entwickler (m/w),UNIQA Raiffeisen Software Service Kft.,"Budapest, Ungarn",https://stackoverflow.com/jobs/391306/teamleiter-senior-java-entwickler-m-w-uniqa-raiffeisen-software
Frontend Engineer,causaLens,"London, UK",https://stackoverflow.com/jobs/462390/frontend-engineer-causalens
Senior Machine Learning Engineer,Blackshark.ai GmbH,"Graz, Austria",https://stackoverflow.com/jobs/474473/senior-machine-learning-engineer-blacksharkai-gmbh
Front-end Software Engineer - Deliver citizen-centric web apps,Government Technology Agency of Singapore,Singapore,https://stackoverflow.com/jobs/408128/front-end-software-engineer-deliver-citizen-government-technology-agency
Senior Front-end Engineer,Bloomreach,No office location,https://stackoverflow.com/jobs/478212/senior-front-end-engineer-bloomreach
Fullstack Developer,best it GmbH & Co. KG,"Siegburg, Deutschland",https://stackoverflow.com/jobs/373199/fullstack-developer-best-it-gmbh-co-kg
Front End Web Developer,Xactware,"Lehi, UT",https://stackoverflow.com/jobs/293752/front-end-web-developer-xactware
Experienced Java Developer with a lot of freedom in your work,TOPdesk,"Budapest, Hungary",https://stackoverflow.com/jobs/460593/experienced-java-developer-with-a-lot-of-freedom-topdesk
Full Stack Developer,Facile.it,"Milan, Italy",https://stackoverflow.com/jobs/441392/full-stack-developer-facileit
Team Lead / Senior Ruby on Rails Developer,springbig inc.,"Montreal, QC, Canada",https://stackoverflow.com/jobs/466427/team-lead-senior-ruby-on-rails-developer-springbig-inc
Software Engineer - SDVI DevOps,SDVI,No office location,https://stackoverflow.com/jobs/451626/software-engineer-sdvi-devops-sdvi
Software Engineer,Paf - Games Sport Casino,"Helsinki, Finland",https://stackoverflow.com/jobs/472011/software-engineer-paf-games-sport-casino
Fullstack Developer [Dutch Speaking],Triple,"Alkmaar, Netherlands",https://stackoverflow.com/jobs/407725/fullstack-developer-dutch-speaking-triple
Java Fullstack Entwickler (m/w/d) - deutschlandweit & remote,objective partner AG,"Weinheim, Deutschland",https://stackoverflow.com/jobs/443596/java-fullstack-entwickler-m-w-d-objective-partner-ag
"Front End Engineer (React Native, Mobile) - Remote, LATAM",Modus Create,No office location,https://stackoverflow.com/jobs/468507/front-end-engineer-react-native-mobile-modus-create
Solutions Engineer,Deepgram,"San Francisco, CA",https://stackoverflow.com/jobs/431389/solutions-engineer-deepgram
Fullstack Developer,Arweave,"Berlin, Germany",https://stackoverflow.com/jobs/350108/fullstack-developer-arweave
Front-End Developer with Wordpress Expertise,"Duckpin Design, LLC.","Towson, MD",https://stackoverflow.com/jobs/468074/front-end-developer-with-wordpress-expertise-duckpin-design-llc
Javascript Developer - Angular or Node.js,Arcanys,"Cebu City, Philippines",https://stackoverflow.com/jobs/243375/javascript-developer-angular-or-nodejs-arcanys
Modern .Net Core Senior Engineer,dunnhumby Ltd.,"London, UK",https://stackoverflow.com/jobs/206288/modern-net-core-senior-engineer-dunnhumby-ltd
Senior Front-end / JS Developer,iubenda,"Milan, Italy",https://stackoverflow.com/jobs/464814/senior-front-end-js-developer-iubenda
Node.js Fullstack Developer (m/f/d),zooplus AG,"Wien, Austria",https://stackoverflow.com/jobs/465678/nodejs-fullstack-developer-m-f-d-zooplus-ag
Backend Engineer - Location Flexible,"Volusion, LLC",No office location,https://stackoverflow.com/jobs/443235/backend-engineer-location-flexible-volusion-llc
Full Stack Developer,Servian,"Sydney, Australia",https://stackoverflow.com/jobs/424942/full-stack-developer-servian
ARCHITECTE SI (F/H),Octo Technology,"Paris, France",https://stackoverflow.com/jobs/445451/architecte-si-f-h-octo-technology
Fullstack Developer,best it GmbH & Co. KG,"Berlin, Deutschland",https://stackoverflow.com/jobs/368833/fullstack-developer-best-it-gmbh-co-kg
PHP Full Stack Developer (f/m/d),zooplus AG,"Wien, Austria",https://stackoverflow.com/jobs/465680/php-full-stack-developer-f-m-d-zooplus-ag
1x Software Architect/Lead (Cloud) & 1x Senior DevOps Engineer,Solar And Storage Modelling Pty Ltd (Solcast),"Leichhardt, Australia",https://stackoverflow.com/jobs/434165/1x-software-architect-lead-cloud-1x-senior-solar-and-storage-modelling
Frontend Engineer,causaLens,"London, UK",https://stackoverflow.com/jobs/462390/frontend-engineer-causalens
Senior Front-end Engineer,Bloomreach,No office location,https://stackoverflow.com/jobs/478212/senior-front-end-engineer-bloomreach
Senior Drupal Developer,Access,"Manchester, UK",https://stackoverflow.com/jobs/445396/senior-drupal-developer-access
Front-end Software Engineer - Deliver citizen-centric web apps,Government Technology Agency of Singapore,Singapore,https://stackoverflow.com/jobs/408128/front-end-software-engineer-deliver-citizen-government-technology-agency
"Frontend Tech Lead, Content Security",ByteDance,Singapore,https://stackoverflow.com/jobs/423498/frontend-tech-lead-content-security-bytedance
Experienced Ruby on Rails Developer,SimplePay,"Cape Town, South Africa",https://stackoverflow.com/jobs/450851/experienced-ruby-on-rails-developer-simplepay
Fullstack Developer,best it GmbH & Co. KG,"Siegburg, Deutschland",https://stackoverflow.com/jobs/373200/fullstack-developer-best-it-gmbh-co-kg
Fullstack Developer,best it GmbH & Co. KG,"Velen, Deutschland",https://stackoverflow.com/jobs/371547/fullstack-developer-best-it-gmbh-co-kg
Front-end Engineer,InCloudCounsel,"San Francisco, CA",https://stackoverflow.com/jobs/433449/front-end-engineer-incloudcounsel
"Full Stack Developer - Cyber Security (Java, JavaScript)",Nominet,"Oxford, UK",https://stackoverflow.com/jobs/462206/full-stack-developer-cyber-security-java-nominet
Full Stack Developer,Facile.it,"Milan, Italy",https://stackoverflow.com/jobs/441392/full-stack-developer-facileit
Software Engineer - SDVI DevOps,SDVI,No office location,https://stackoverflow.com/jobs/451626/software-engineer-sdvi-devops-sdvi
Fullstack Developer [Dutch Speaking],Triple,"Alkmaar, Netherlands",https://stackoverflow.com/jobs/407725/fullstack-developer-dutch-speaking-triple
"Fler fullstacksutvecklande Cygnianer (Node, C# eller Java)",Cygni,"Stockholm, Sweden",https://stackoverflow.com/jobs/447405/fler-fullstacksutvecklande-cygnianer-node-c-sharp-cygni
Frontend- / UX/UI-Developer (m/w/d),Just Spices GmbH,"Düsseldorf, Deutschland",https://stackoverflow.com/jobs/428547/frontend-ux-ui-developer-m-w-d-just-spices-gmbh
Lead Front-end Engineer,Launch Potato,"Delray Beach, FL",https://stackoverflow.com/jobs/468509/lead-front-end-engineer-launch-potato
Senior Business Intelligence Cloud Platform Engineer,"JPMorgan Chase Bank, N.A.","Lewisville, TX",https://stackoverflow.com/jobs/480438/senior-business-intelligence-cloud-platform-jpmorgan-chase-bank-na
Senior Android Engineer,Durstexpress GmbH,"Berlin, Germany",https://stackoverflow.com/jobs/364021/senior-android-engineer-durstexpress-gmbh
"Senior Software Engineer, Front-end Focused",Radix DLT,No office location,https://stackoverflow.com/jobs/465700/senior-software-engineer-front-end-focused-radix-dlt
Blockchain JavaScript Developer,brainbot,"Berlin, Germany",https://stackoverflow.com/jobs/207296/blockchain-javascript-developer-brainbot
Frontend Entwickler JavaScript / React Native (w/m/d),dmTECH GmbH,"Karlsruhe, Deutschland",https://stackoverflow.com/jobs/465975/frontend-entwickler-javascript-react-native-w-dmtech-gmbh
Software Developer,DCSL Software Ltd,"London, UK",https://stackoverflow.com/jobs/419248/software-developer-dcsl-software-ltd
Software Developer,DCSL Software Ltd,"Farnborough, UK",https://stackoverflow.com/jobs/419247/software-developer-dcsl-software-ltd
"Frontend Software Engineer, Content Security",ByteDance,Singapore,https://stackoverflow.com/jobs/423497/frontend-software-engineer-content-security-bytedance
AEM Architect,Railroad19,No office location,https://stackoverflow.com/jobs/468540/aem-architect-railroad19
Mid Weight Drupal Developer,Access,"Manchester, UK",https://stackoverflow.com/jobs/445398/mid-weight-drupal-developer-access
Senior Business Intelligence Cloud Platform Engineer,"JPMorgan Chase Bank, N.A.","Columbus, OH",https://stackoverflow.com/jobs/478735/senior-business-intelligence-cloud-platform-jpmorgan-chase-bank-na
Mid Weight Drupal Developer,Access,"Manchester, UK",https://stackoverflow.com/jobs/445398/mid-weight-drupal-developer-access
Principal Software Engineer,Citizens Bank,"Providence, RI",https://stackoverflow.com/jobs/452563/principal-software-engineer-citizens-bank
Back End Engineer - Java,Modus Create,No office location,https://stackoverflow.com/jobs/474186/back-end-engineer-java-modus-create
Principal Software Engineer,Citizens Bank,"Westwood, MA",https://stackoverflow.com/jobs/446569/principal-software-engineer-citizens-bank
Back End Engineer - Retail & Catalog,Everli,No office location,https://stackoverflow.com/jobs/415688/back-end-engineer-retail-catalog-everli
Software Architect,Nurun,No office location,https://stackoverflow.com/jobs/415675/software-architect-nurun
Senior WebXR Games Engineer,NWR CORP,No office location,https://stackoverflow.com/jobs/454917/senior-webxr-games-engineer-nwr-corp
Senior Full Stack Engineer (w/m/d) Java/GCP | Inbound Logistik,Otto (GmbH & Co KG),"Hamburg, Deutschland",https://stackoverflow.com/jobs/462188/senior-full-stack-engineer-w-m-d-java-gcp-otto-gmbh-co-kg
Full Stack Engineer,Beatrust Inc.,"Minato City, Japan",https://stackoverflow.com/jobs/429319/full-stack-engineer-beatrust-inc
Software Architect (ATH & SKG),Kaizen Gaming (Stoiximan/Betano),"Athens, Greece",https://stackoverflow.com/jobs/415639/software-architect-ath-skg-kaizen-gaming-stoiximan
Full Stack Developer (m/w/d),Haufe Group,"Freiburg im Breisgau, Germany",https://stackoverflow.com/jobs/455781/full-stack-developer-m-w-d-haufe-group
Full Stack Wordpress Developer (Remote),Radish Lab,No office location,https://stackoverflow.com/jobs/467547/full-stack-wordpress-developer-remote-radish-lab
Full Stack Developer (Node.js),Grand Parade,"Kraków, Poland",https://stackoverflow.com/jobs/466419/full-stack-developer-nodejs-grand-parade
Senior Front-End Developer,Cloudwise B.V.,"Woerden, Netherlands",https://stackoverflow.com/jobs/459598/senior-front-end-developer-cloudwise-bv
Fullstack developer,Nurun,No office location,https://stackoverflow.com/jobs/415682/fullstack-developer-nurun
Senior Full Stack Developer,Integrated Automotive Experience,"Mississauga, ON, Canada",https://stackoverflow.com/jobs/468526/senior-full-stack-developer-integrated-automotive
Mid-Level Front-end Responsive Developer,Graphic Language,No office location,https://stackoverflow.com/jobs/418286/mid-level-front-end-responsive-developer-graphic-language
Technical Architect,DCSL Software Ltd,"London, UK",https://stackoverflow.com/jobs/452361/technical-architect-dcsl-software-ltd
Mid - Senior ATM Java L3 Support Engineer,"JPMorgan Chase Bank, N.A.","Westerville, OH",https://stackoverflow.com/jobs/474215/mid-senior-atm-java-l3-support-engineer-jpmorgan-chase-bank-na
Softwareentwickler (m/w/d) full-time remote,BREDEX GmbH,No office location,https://stackoverflow.com/jobs/457676/softwareentwickler-m-w-d-full-time-remote-bredex-gmbh
Frontend Developer (m/w/d),BREDEX GmbH,No office location,https://stackoverflow.com/jobs/457632/frontend-developer-m-w-d-bredex-gmbh
ISD Engineer IV (Cloud Site Reliability Engineer),Navy Federal Credit Union,"Merrifield, VA",https://stackoverflow.com/jobs/468007/isd-engineer-iv-cloud-site-reliability-engineer-navy-federal-credit-union
Web Developer (Open Targets),European Bioinformatics Institute (EMBL-EBI),"Hinxton, UK",https://stackoverflow.com/jobs/463996/web-developer-open-targets-european-bioinformatics
Senior Backend Engineer - Location Flexible,"Volusion, LLC",No office location,https://stackoverflow.com/jobs/443231/senior-backend-engineer-location-flexible-volusion-llc
Senior Software Engineer,Cie,No office location,https://stackoverflow.com/jobs/449510/senior-software-engineer-cie
ISD Engineer IV (Cloud Site Reliability Engineer),Navy Federal Credit Union,"Merrifield, VA",https://stackoverflow.com/jobs/468007/isd-engineer-iv-cloud-site-reliability-engineer-navy-federal-credit-union
"Frontend Engineer, Web",Aaqua,"Antwerp, Belgium",https://stackoverflow.com/jobs/465925/frontend-engineer-web-aaqua
Full Stack Developer (Angular) - Remote or Los Angeles,Urban Insight,"Los Angeles, CA",https://stackoverflow.com/jobs/471580/full-stack-developer-angular-remote-or-los-urban-insight
Principal Cloud Development Engineer,"Unanet, Inc.",No office location,https://stackoverflow.com/jobs/473490/principal-cloud-development-engineer-unanet-inc
Frontend Developer (Experienced),Bakken & Bæck,"Amsterdam, Netherlands",https://stackoverflow.com/jobs/446594/frontend-developer-experienced-bakken-b%C3%A6ck
Senior Fullstack Developer (Core Platform Services),Smartly.io,"Helsinki, Finland",https://stackoverflow.com/jobs/465571/senior-fullstack-developer-core-platform-smartlyio
Senior Software Engineer,"Wikimedia Foundation, Inc.",No office location,https://stackoverflow.com/jobs/469401/senior-software-engineer-wikimedia-foundation-inc
Java Developer,LMAX Group,"London, UK",https://stackoverflow.com/jobs/181651/java-developer-lmax-group
Scrum Master - Global,Modus Create,No office location,https://stackoverflow.com/jobs/474744/scrum-master-global-modus-create
DevOps Engineer - (AWS Lambda): Remote (Global),Modus Create,No office location,https://stackoverflow.com/jobs/469802/devops-engineer-aws-lambda-remote-global-modus-create
Full Stack Developer,Applied Research Associates,"Raleigh, NC",https://stackoverflow.com/jobs/436178/full-stack-developer-applied-research-associates
Principal Software Engineer,"Lurn, Inc.","Rockville, MD",https://stackoverflow.com/jobs/472060/principal-software-engineer-lurn-inc
ISD Developer V (Senior Cloud Application Developer),Navy Federal Credit Union,"Vienna, VA",https://stackoverflow.com/jobs/467795/isd-developer-v-senior-cloud-application-navy-federal-credit-union
ISD Developer V (Senior Cloud Application Developer),Navy Federal Credit Union,"Winchester, VA",https://stackoverflow.com/jobs/467992/isd-developer-v-senior-cloud-application-navy-federal-credit-union
ISD Developer V (Senior Cloud Application Developer),Navy Federal Credit Union,"Pensacola, FL",https://stackoverflow.com/jobs/467991/isd-developer-v-senior-cloud-application-navy-federal-credit-union
ISD Developer V (Senior Cloud Application Developer),Navy Federal Credit Union,"Merrifield, VA",https://stackoverflow.com/jobs/467990/isd-developer-v-senior-cloud-application-navy-federal-credit-union
